title,text
Anyone with fiber have issues with Nintendo switch online?,"My friend said the network uses CGNAT and I may have difficulty with tmobile/metronets fiber when using switch online. I also torrent at times and he said that could be an issue too?

Just curious what your experience has been. We had a new install in my neighborhood. Can't beat the 10 year price guarantee or the unlimited data. I went over 50gb last month and paid and extra $60 with my current provider. "
Help with quote,"I was working on a quote for a friend a bit ago and just need to know if this is accurate. 

So the new iPhone promos (love em) include iPhone 17s with port and no trade on the 4 for $100 plan the limit on the promotion is 4 However, my friend has 5 lines. He has two phones that will be doing the family freedom program. Since the phone gets traded in, in that situation anyway itâ€™s a different promotion.  Are those two promotions combinable and would he be able to get all 5 phones on promotion? 3 no trade port, and 2 with trade?

Thanks in advance to anyone who can help. "
When does T-Fiber show up in our ECS?,
Buying Vivo In The US,"Im super interested in buying the vivo x300 pro (global) as soon as it becomes available but I have some questions 

1. Being in the US, is there anything I should worry about (service, phone shutting off, etc)
2. Will I be able to use Google products and google workspace?
3. Will it work on tmobile (i know it has an ESim)

I currently have a Samsung s24 ultra and I'm tired of the same old same old. Please let me know whatever you can!"
Donâ€™t know why the fuss over phone insurance.,I donâ€™t get the brouhaha over losing the phone insurance.  
US Cellular spotted using n41,I assume this is TMobileâ€™s n41 spectrum?
Porting Out Question,"I'm looking to port out to AT&T while they're offering up to $800/line to switch from a competitor. 



My main question is when and how will I get the final bill? How will my current phone get unlocked when porting out? I've only been with T-Mobile for about 5 months, but service in my workplace isn't great, so need to switch back to AT&T. 

  
I know AT&T isn't paying for my final bill - which means I will fork out the money first to pay off and get reimbursed, but my main concern would be collections after reading some horror stories for port out/closing accounts. "
Need help with phone unlocking,My grandmother paid for her iPhone fully before getting on a T-Mobile plan with my aunt. My grandmother has since bought a new phone through ATT and had given my younger brother her carrier locked phone. Is there any way we can get the fully paid iPhone unlocked from the carrier (T-Mobile)?
Struggling with T-Mobile Stillâ€¦,"I cannot for the life of me get my PlayStation portal to work with my IPhone 16 pro hotspot - either for cloud gaming or remote play. 

-PS5 is hooked up to home wifi

-Hotspot is through TMobile, which a lot of people have said you have to do network setting manually- tried that, no luck

-iOS is up to date 

-no luck when I turn on or off max compatibility

If anyone has any advice Iâ€™d love to hear it, thank you in advance!! "
3 Weeks of â€œIntermittentâ€ Connection,"A few weeks ago, we started experiencing what tech support representatives referred to as â€œintermittentâ€ network disruptions in our area. Home internet and cell phone service both included. Customer service has not been able to give me any clear answers on when it will be resolved. After over a dozen phone calls over the last few weeks, I was finally told that the tower in our area is not able to be updated due to the owner of the land that the tower is on not allowing the technicians on to the property to complete the updates needed. Weâ€™ve been with T-Mobile for over 3 years now and have loved it and never had an overnight change like this. Now I feel like Iâ€™m getting the run around on whether or not they can even resolve the issue at any point in time. I work from home and Iâ€™m losing income because I cannot stay connected. I cannot maintain a phone call, load a video on social media, stream Netflix, or run or update applications or games on my smart TVâ€™s or video game console. I have also willingly done every trouble shooting option with tech support available to me. Speed tests show a download speed of 4.53 Mbps and upload speeds of 0. We have had the gateway and our cellphones checked to make sure it wasnâ€™t a device issue too. Service works great everywhere but in our own neighborhood. Has anyone ever experienced any issue like this? Iâ€™m slowly but surely losing hope of it improving and shopping around to see my options. Any suggestions appreciated. Thanks in advance. "
Just got rid of Hulu Live TV,"We found we were hardly watching live tv anymore. Instead, we have the Hulu, Disney+, and ESPN Unlimited all with ads with HBO Max, Starz, and Showtime/Paramount+ add ons. Our bill went from $123 to $56 (We get a $7 rebate by paying for Hulu with my Blue Cash AMEX card). We also have Prime Video, AMC+, Netflix, Apple TV+ from Tmobile, and Peacock through Walmart+. Thereâ€™s also Pluto and Tubi TV. If my husband can still get his fill of sports broadcasts, we will probably keep it at this."
BOGO Free Line Promo Question,"Has anyone seen and/or taken advantage of this offer? It says the discount is applied after checkout out, which makes me a bit nervous it'll get messed up.  Any quirks / catches I should be aware of? I am on Go5G Plus with 2 paid lines, 1 free phone line (from earlier this year), 1 free tablet line (from years ago), and a watch line. "
Gaming Laptop mobiles Internet,"Hallo Leute kann mir wer weiterhelfen
Ich habe mir einen Gaming Laptop gekauft um auf der Arbeit zu zocken habe (Nachtportier) habe aber das Problem mit dem Internet habe es mit Handy hotspot versucht schlechter ping nur lags.Habe mir auch eine Internet box von Tmobile gekauft Xiaomi modell CB0401 mit einer sim Karte die 500 mbts hat und unlimitiert fullspeed hatte trotzdem andauernd in Game lags 
Bitte um Hilfe fÃ¼r stabile Internet Verbindung zum zocken 
Danke im Voraus "
Swapping out phone #s on some of my lines,"Hi. I have some discounted lines on my plan. Can I swap in a phone # that I have on another cell phone with another company? How do I go about doing that? I assume if I drop lines and add lines, I will lose the discount."
Commission on new T-Mobile credit card?,"Former employee here...are they having y'all [current employees] pressure people into signing up for the new credit card in store?  If so, is there any type of spiff or compensation for doing so?  Curious, because it seems like this company has been going to shit for a long while now but the shitification has significantly ramped up in the past 1-2 years.  Have they made credit card applications a metric yet?"
Motorola Edge 60 Pro anyone in Usa running this model?,"I am always a Pixel man have the Pixel 9 and Pixel 9 Pro XL but I like the texture, durability and feel of the moto phones. The vegan plastic back and matt plastic frames. Makes for a lighter phone and I like to go caseless.  

I am on Us Mobil which runs Tmobile, anyone get this phone which is international only for usa and sells on Amazon for 545 right now. For right price say 300 to 350 I would maybe order one to try out. "
Refurbished Galaxy S24 Plus different CSCs,"Hi, I just bought a refurbished, carrier-unlocked Galaxy S24+ (SM-S926U) from Back Market to replace my S21FE (which I loved). I had previously bought one from Amazon, but it wouldn't download software updates, so I returned it instead of trying a firmware flash.

I started this phone with my TMobile SIM already inserted, and everything updated. I can see it was originally a TMobile phone in the US, so I'm not sure if this has anything to do with it. I used Phone Doctor to check the phone's mechanics, and everything checked out well. I've done an IMEI check, and nothing shows blacklisted or problematic. It's in almost new condition, and so far, everything seems to be working fine, and it's great - and I want to buy refurbished phones if they work for me. But, I want to review a few things before fully committing to this phone and setting it all the way up, and wondering if someone could help.

(1) My firmware build is the latest TMB build for SM-S926U, according to [Samfw.com](https://samfw.com/firmware/SM-S926U) . But, my service provider software version shows:

TMB/TMB,TMB/XAU/TMB

Can anyone interpret this? I don't have much experience with CSC and firmware, but I've done a lot of internet investigating and I haven't seen five symbols (three slashes) before. It's my understanding that, going from left to right, the first is the CSC of the current firmware build, the second and third are separated by a comma to indicate the first and second SIM position CSC's, and typically the fourth is the last symbol that indicates the original CSC as manufactured and sold and cannot be changed. Is that correct? In this case, there is another slash and a fifth symbol. So, I'm wondering if there is anything to be concerned about. Would it affect future software updates, or if I change carriers?

(2) I want to use the phone in Ecuador next year, and [Kimovil indicates](https://www.kimovil.com/en/frequency-checker/EC/samsung-galaxy-s24-plus) the SM-S926U variant should have all the radio bands there. Does anyone know if I could have problems loading a SIM in Ecuador, or how I might go about finding out (short of going and testing it out!)?

Thanks for any help!"
Changing Carrier in a Poor Service Area,"Iâ€™ve had Verizon for over a decade but it was through a family plan and my parents paid. This arrangement is coming to an end and I need to secure my own plan (donâ€™t want to continue with Verizon if possible). The problem is that i live in a rural area with poor coverage so I need to determine that an alternative company will provide equal or better coverage to Verizon. Would any of you brainiacs know the simplest way to go about this. I am completely ignorant about â€œburnerâ€ phones, but assumed this would be a way to try out TMobile, ATT, etc. without committing to a contract and hoping itâ€™ll work. Any better ideas out there?"
iPhone upgrade at Apple,"Can I upgrade my iPhone at Apple when I still have a $500 balance owed on the go5gplus plan 12 out of 24 credits applied.  Tmobiles page shows I still owe the $500 but Apple doesnâ€™t.  

Whatâ€™s the deal? Can I upgrade at Apple without having to pay off the $500 balance?  The Apple website only asks for tax but doesnâ€™t ask for the remaining balance.  
Thanks! "
Old Simple Choice Free Tablet Line - How much data should I be getting?,"I have an old ""Free On Us"" tablet line from years ago. It's been dormant in a old Netgear LTE modem for a long time racking up $1.40 fees every month.

I picked up a 5G Inseego modem for cheap to see if it'd work - and it does! I'm getting 20-100 mBit throughput in my testing. 

Curiously, I've pulled in over 20 GB of data at those speeds according to my monitor app. The line is ""Simple Choice North America 6GB MI"". Did that get un-capped when the Simple-Choice uncapping happened a few years ago? Any Caveats?"
iPhone 17 Promotions (Current TMobile Customer),"Hi,

What's the best promotion out there to get a new iPhone for a current T-mobile customer? Any information would be greatly appreciated.

Are there typically deals during black Friday? I can hold out a few weeks if I can get a better deal.

Thanks!"
Any early insight into Black Friday deals?,"I have Go5G+ and am holding off to see if they bump the trade in from $830 to $1000. If not, I would rather order my phone sooner than later."
Who wins this matchup?,"Prime Connor vs Prime Topuria, who you got?

I think Connor does Ilia worse than he did Aldo"
T-Mobile eSim bites,"I got a Pixel 10 on one line, which forced me to get an eSim on that line. I was assured that eSim swapping is trivial. It was trivial to deactivate the physical sim and put it on this line.

However, today, I tried to move that eSim to a Samsung Fold 3 phone. When I try I get a message that I have to call T-Mobile and give them Support Code 511 (which is basically, problem with eSim movement). eSim is not locked. (Triple checked).

The Pixel 10 is T-Mobile locked. The Fold 3 is unlocked (and I've used it many times on T-Mobile with physical sim).   
  
I call T-Mobile and get a message--after waiting 10 minutes, that there's a ""25 minute wait"" ahead.

Screw that, I have stuff to do.

WTF. So eSim is basically a dumpster file, just as I worried when I switched?"
Go5G+ user who signed up for Hulu ON US almost a year ago: Am I going to still get Hulu for free after 12 months is up? Or will they start charging me automatically?,"[This is what my \\""Manage add-ons\\"" page shows.](https://preview.redd.it/hzbsbfpkc30g1.png?width=570&format=png&auto=webp&s=7653c992fa69bfc0649f444cec5df419454f1f0d)

My understanding is, normally you need the Go5G Next plan to get Hulu for free, but T-Mobile gave it to people on Go5G Plus who already ""Netflix On Us"" enabled as of 1/5/2024. Not sure if they just gave it to us for free for 12 months, or if I'll continue to get it for free even with Go5G+ plan."
Google fi to tmobile on 4/100 promo,My question is that online it lets me complete the purchase even though its from google fi but when i went to sams to avoid the fees guy said google fi doesn't work for this deal which makes sense. If i complete the purchase online will they catch it later that its from google fi and jack the price up on me or take away the free phones?
Getting ripped off by Tmobile,"I switched to Metro By Tmobile on October 14th at a store location. I was told Iâ€™d have a hotspot on unlimited $30 plan and it was a lie. So today November 8th I have finally gotten the extra cash to go back to Tmobile and get my old hotspot plan back.

I was told by the Tmobile store I went to today that if I called customer service they would reimburse me for cost of activation fee and SIM card by putting credits on my account for my next months phone bill.

I had to pay $10 activation fee and $10 for a new SIM card. I was told my old Tmobile sim which I brought was invalid.

So I call the customer service and the lady tells me they canâ€™t do this. I asked to speak with a manager and she tells me manager is busy and would call me back.

Iâ€™m still waiting.

What can I do? Iâ€™ve been with Tmobile since 2013 and only left because they wouldnâ€™t give me a cheaper phone plan and the Metro store said their $30 unlimited plan was exactly the same as Tmobile $50 prepaid.

Iâ€™m so angry right now. Boost and Verizon said I couldnâ€™t keep my same number thatâ€™s the only reason I came back to this company and to be treated this way.

"
How to get a refund,"I switched to Metro on October 14th at a store location. I was told Iâ€™d have a hotspot and it was a lie. So today November 8th I have finally gotten the extra cash to go back to Tmobile and get my old hotspot plan back.

My question is can I get a refund for the 6 days I didnâ€™t use? I switched my original phone number from t mobile to metro and now back to Tmobile. So from what I was told the account should be canceled now.

Is there a email? If not should I use LinkedIn to find someone who works at metro and ask them? What should I do? 

I also want to ask them to reimburse for activation charges on Tmobile as I had to pay $10 activation fee and $10 for a new SIM card."
Will T-Mobile ever offer a free Iphone upgrade to Advantage Unlimited users?,"I was moved from Sprint SERO to the now, 'legacy' T-Mobile ""Advantage Unlimited"" plan a few years ago and want to stay on this plan.   
  
With the switch I got a ""free"" Iphone 13+ by way of a 2-year monthly credit that I paid off.   Now I want to upgrade to a newer phone.    
  
Will T-mo ever offer another ' free phone/upgrade offer like I received to Advantage Unlimited customers?  I.e., will they always require changing my plan or is there any chance I could get a $0, newer Iphone with a 2-year commitment, without having to drop Advantage Unlimited?    -

"
"HUGE SURPRISE PLANNED for WWE RAW 12/8 & he will be competing in KANSAS CITY IN the John Cena ""Last Time is Now"" tournament! ðŸ”¥ ðŸ”¥ ðŸ”¥ any guesses? @tmobile ctr","WWE Monday Night RAW
Mon 8 Dec 2025 - 18:30
T-Mobile Center, Kansas City, MO w/ CM Punk, penta,  Rhea Ripley and HUGE surprise in the works ðŸ’ª "
T-Mobile data not working on roaming abroad while full 5G or LTE - Mexico or Madagaskar,"Hey I have Go5G Next Data plan and I have problems with T-Mobile when I travel abroad. First time it was in Madagaskar 3 months ago. There was many times when I had full bars LTE service and it was not working. It only happened to work on 3G data. 
Now I am in Mexico, I have full bars 5G at the airport and I canâ€™t connect to any website. Iâ€™m connected to Telcel.
During my travel in Mexico, the internet was on and off on my device with T- Mobile. Itâ€™s very frustrating for the amount I pay monthly and it doesnâ€™t work as it shouldâ€¦
Anyone experienced these problems? Any fix for that? I also have iPhone 15 if that matters. "
Lost Free Line,"So earlier this year, I got picked to receive a free line. I took advantage of it via Facebook and they mailed me a SIM card. I put it in my desk drawer until I needed it.  

Fast forward to a week ago when I wanted to buy a phone to actually use the line. I noticed that it wasn't showing under my account. I reached out to Tforce, and apparently there was an activation error on their end, which no one made me aware of, so now I have no free line. 

Since the promotion is gone, they said there's no way for them to fix it, so they offered me six months of free service if I add a line. I asked to speak to a supervisor, but was told that they were aware of their mistake, and that was the best they could do. 

I ended up complaining on the survey they sent me, so I got an email from someone. While deciding what to do, they called me and offered me an additional year of free service for the line, bringing it to 18 months. I appreciate it, but that doesn't come close to the savings of a free line! 

So should I try pushing this further? I know it was a free line and didn't cost me anything, but it was their mistake and I feel like they should give me what I was promised. 

Thanks!"
T-Mobile vs Costco T-Mobile Financing ELI5,"So I have currently have 3 phone lines and 4 watch lines with Verizon and have been looking to switch to T-Mobile.  One of the watches will become a phone line so porting in 4 phone numbers & 3 watches.

When I first checked with a T-mobile store and was given a promo for $1000 off each phone without trade-in and some deals on watches too. (Canâ€™t remember but I think it was BoG $300off 2nd watch).  There was no mention about a down payment or anything limiting the financing.

I heard about the cash & Visa cards at Costco so I went there to check.  Just about the first thing I heard was that thereâ€™s a $3600 limit for financing so I would have to make a down payment.(?)  However I assured I would still get the full thousand dollar credit for each of the phone lines.  

This is where I am confused.  If I can only finance $3600 and credits stop once things are paid off, how do I get the full $4000?

Also, is there a difference between Costcoâ€™s T-Mobile finance limit vs a T-Mobile storeâ€™s limit?

Thanks for enlightening me."
Now Anyone Can Text 911 Via T-Mobile's Satellites,
WTh is this ???,"I just went to my Google wallet and I see this being added... What is this for? It doesn't really feel like is a special treatment it just looks like one one those thing that says HELLO MY NAME IS.... 


can't wait to leave TMobile in 2 months "
Using the Tmo credit card in 2 accounts,Can I use my T-mobile credit card in two different accounts and still get the 2% back? I am Primary of one account and authorized in another. And i pay the bill for both. Perks of having a big family!
Advice On How to Unscrew Myself (My Phone Number In Limbo),"Some of this is more of a carrier question, I know, but I really just need advice on how to proceed. (Bullet points of important details AND UPDATE at the end)

Recently, I got an iPhone 14 Pro Max (new phone) from my dad. Itâ€™s a hammy down and he was using it for two years with T-Mobile.

The device Iâ€™m upgrading FROM is a IPhones 7 (old phone), Iâ€™ve had it for about 6 years and Iâ€™ve had the same number attached to it the whole time. The goal is to keep that number.

When trying to transfer between devices there was no problem except for the phone number/cell data. Apparently the new phone had been locked and the most reasonable conclusion (after talking to my own provider, Straight Talk) was to call T-Mobile to unlock it because my dad had been using it on the new phone just fine so obviously they had some control.

I had my dad call them, and they say they unlocked it. Which seemed to be the case because now the phone would recognize the transfer instead of immediately suggesting I transfer using a phone with an updated IOS. 

Also note: My old phone has only been able to get up to 15.8.something as of this morning. 

So hereâ€™s the problem. I try doing it on my own again, and tell MY carrierâ€™s automated machine that Iâ€™m ready to transfer, but upon clicking â€œSet Upâ€ on the new device a error pops up:

â€œThis eSIM cannot be supported or transferred, please contact your carrier for more details.â€

So as I had done before I call mine first for advice, itâ€™s not the same woman but she tries her best. She guarantees that number is safe (which is awesome) but because we canâ€™t authenticate my account I would have to set up the eSIM somehow.

Another note: I made the pin to authenticate my account a little bit after I got it. On my own. In middle school. During Covid. The only way Iâ€™d â€œrememberâ€ is by troubleshooting the very few numbers I WOULDVE used back then. Iâ€™m willing to do that, but after eight tries, she was not,

Anyway, I talk to T-Mobile and theyâ€™re telling ME they say the iMEI number wasnâ€™t associated with them, whichâ€¦I cannot even guess what that means for me, but I doubt itâ€™s true. But she said if the phones still saying itâ€™s locked despite what I said happened then she couldnâ€™t help.

ANYWAY I lied before. Trying to transfer on my own wasnâ€™t my dumbest moment. My dumbest moment was  FACTORY RESETTING MY PHONE to help it recognize it has been unlocked. 

NOW it doesnâ€™t even give me any other option besides scanning a QR code, setting up manually, or  transferring from an IOS 16 device.

* Got a phone from my dad
* Everything transferred but the number
* I call my carrier. Apparently itâ€™s locked. We assume Tmobile because thatâ€™s my dadâ€™s carrier. They say call back once itâ€™s unlocked.
* He calls. They say they unlocked it.
* I try transferring my number on my own. I get hit with another â€œeSIM not supportedâ€ but weâ€™re further than before so thatâ€™s good.
* I call my carrier. I canâ€™t authenticate because I moved my number off my old phone. They say I need to set up the eSIM then come back
* I call TMobile. They claim the device wasnâ€™t even associated with them, which I call BS.
* Then I FACTORY RESET IT and omg I literally canâ€™t justify why I thought itâ€™d do any goodâ€¦I thought itâ€™d help recognize the phone being unlocked.
* The phone doesnâ€™t even recognize the progress I made before.

Now Iâ€™m here. With my number in limbo and no real way to proceed. If you guys can even just tell me who to talk to next that would be great.

Update: After visiting Apple in my local mall, they were able to identify that T-Mobile had NOT completely unlocked my device. So I was sent down to T-Mobile and spoke to a very nice woman about it andâ€” after being put on my dadâ€™s account as an authorized userâ€” we made a call and it turns out the reason my device hadnâ€™t been completely freed was because of a payment my dad missed. 

Yeah.

Anyway about 140 dollars in the hole BUT thatâ€™s not all because after calling Straight Talk, it turns out my carrier hasnâ€™t been able to carry over is because there is an outage? Gonna look more into what that is but it means that Iâ€™ll have to wait another 2-3 days before anything changes.

Which means the problem is on hiatus."
Dmann is the goat,"Anthony has some magic hands and I just want to say if yall are thinking about getting tuned, go dmann 100%. I was out with a few of my buddies tonight and I was putting bus lengths on r/t chargers and barely beating a scat pack. Like damn, the FA24 and Dmann tuning really make this engine feel like a baby B58."
Is it possible to add the Yearly Upgrade benefit?,"I have one line on my plan (Go5G Plus) that is enrolled in Yearly Upgrade (former iPhone Forever Upgrade).  Is it possible to add it to one or more of the other lines on my account? 

I am asking because there was a recent post about someone successfully adding One Plus Promo to the other lines on their account, so sounds like it's still possible to add grandfathered SOCs to other lines if you already have it on your account. 

Thanks"
New account via Costco,"Hi all, just signed up for T-Mobile via Costco yesterday. I got the Experience Beyond plan for 3 lines: 2 paid, 1 free and 3 iPhone 17 Proâ€™s with $1,000 credit (no trade-in required).

The Costco rep told me the max credit approval was always limited to $3600 for new accounts so I could only get 3 lines with the new phones. The only alternative was to open a business account which I did not do.

My questions are:

1. I want to bring over 2 additional lines from AT&T, how do I do this with the $3600 equipment credit cap?
2. Since my account is new and I get one free line, can I not take advantage of another BOGO right now?
3. If I can use another BOGO, what code do I need to give the reps?
4. I got 20% off added, will doing a BOGO mess that up?"
"I have the T-Mobile unlimited Kickstarter plan, is there anything else better?","I haven't looked at plans for so long
... Is there anything even close to the unlimited Kickstarter for $45 that I currently have??"
Account Cancelled?,My T-mobile account was cancelled. Long story short my hours at my job were cut in half and just my luck I was dealing with some health issues so all the money I had was going to my medical bills (which iâ€™m still trying to pay) i fell about 2-3 months behind my bill and now my account is cancelled. I made a $345 payment yesterday morning. Iâ€™m not sure what I can do? Can anyone help! 
Can I trade in a phone still on EIP,"...to

1. Costco/T mobile?

2. Apple w/ TMO financing?

3. Samsung w/ TMO financing?

I have regular vanilla Go5G Plus.

Secondly, razr+ 2024 is showing OOS, but also a ship date in Dec. What are the chances it comes back in stock while the holiday deals are running?"
Porting out a number tied to a financed device...,"If I port one of the numbers to another device on, lets say on Google FI, will the balance of said device come due? Or can i have a new number generated for that device? 

We are wanting to get a phone line for my kid, but I also want to try out Google Fi and see how it works for me since i travel more than my wife and kid... 

Tmobile support is being less than helpful... Any help here would be greatly appreciated. Thanks!"
International roaming?,
Auto Pay Discount Debit Card,"Is it possible to pay early using a linked debit card? If so, will we still get the same discount? Anyone know? I like to pay my bill early if possible. Appreciate the help. "
UFC 323 poster! Miles ahead of UFC 322,
TMobile 5G & ssh,"I am currently using spectrum and have my router setup to do port forwarding so I can ssh home. Can I do the same using the tmobile 5g? If not, what about setting it in some passthrough mode so I can put a router behind it?"
Damn good poster! Miles ahead of UFC 322,
T-Mobile 5G UC Problems,"hi, i live in west virginia. we used to get awesom service especially up to 700mbps on 5G UC. for the past 6 months or more it ahs plummeted and nothing wants to load on 5G UC. 5G extended range is ok and LTE is awesome still but when it goes to UC its really bad. everyone i know across 30+ towers are having the same issues. Home internet connects to UC and has no problems what so ever. what is happening dude??"
Dark Star QCI 7,"Both Tmobile and Verizon are dead in the water. Only my line with Dark Star paired with QCI 7 works. YOU ROCK US MOBILE!
"
Anyone use Sony Xperia 10 VII XQ-FE72 unlocked from ebay and use it on Tmobile?,Anyone commenting???
Can I switch to go5gplus 9 line SOC,"I currently have 6 lines, 3 paid 3 free in go5gplus. I intend on taking advantage of free lines in the future to fill 9 lines. Is it possible to be switched right now to the 9 line SOC, so that Iâ€™m future proof? 

I also currently get Hulu for free. Will it knock that off, or will it stay if Iâ€™m able to switch. "
Is it possible to port a number from a phone to a watch.,"I switched from Verizon today, and also got a watch. The number still has not ported over, but in the app it says ""transfer number complete"" and the watch has my old number I wanted ported over. While the phone says ""no transferring number found"" and lists a temporary number. I did this process maybe 4 hours ago now, really hoping I don't need to go back to the store. "
How do I use my iPhone voicemail greeting instead of T-Mobileâ€™s?,"When I go into my iPhone phone app > Voicemail > Greeting and select Default, I get a really clear-sounding generic greeting that doesnâ€™t mention my name or phone number. However, after selecting this, it doesnâ€™t stick. When someone calls me, they get the T-Mobile voicemail greeting, which sounds really scratchy like itâ€™s coming from 1000 miles away and speaks my phone number, which is the most anonymous T-Mobile option that was available.

Strangely, my wifeâ€™s iPhone, which is exactly the same as mine and is on the exact same rate plan as mine with the same features, plays the iPhone greeting when you call her phone.

How do I get my phone to play the iPhone greeting instead of the T-Mobile greeting?"
Question about device payoff when switching.,I want to take advantage of the device payoff for people switching to T-Mobile. I'm pretty sure if I try to port from Verizon to T-Mobile that Verizon will hit me with an additional fee and not just make the remainder owed on the device due. Do I have to show them how much is due on the device at the time I port my number or can I pay the device off a day or two before and bring in the receipt from the device payoff. What exactly do I have to provide to get that reimbursement?
Trouble with metro by tmobile hotspot on android,I've been trying to use my portal with my mobile hotspot from my android but it just gives me an error screen every time I try to connect. I have tried changing the IP adress settings from different tutorials but nothing seems to work. I am only able to use it with my home wifi. Anyone have a solution?
T-Fiber install - what to expect?,
Can't sign up for T-Mobile,"Trying to sign up online for T-Mobile because Verizon service has gotten progressively worse at our home to the point where it's unusable. Verizon is *way* too expensive to not be getting reliable service anymore.

I went through the signup process and on the checkout page, the ""Accept & Continue"" button is greyed out.

It's greyed out because there are three buttons at the bottom, all of which must be checked. And the middle one says:

""By checking this box, I agree that T-Mobile, or others acting on its behalf, may call or text me at the number provided above to receive updates and offers, and that they may use an autodialer, artificial voices, or pre-recordings to do so. I understand that my consent is not a condition of purchasing any goods or services, and that I may revoke it at any time.""

I don't want that. And it specifically says consent is not a condition of purchase. But the form won't submit unless it's checked, so it sure seems like it is.

I also found that the iPad and smartwatch plans were automatically put on the most expensive plan in the cart, with no way to change or edit that. It also limited me to switching 5 lines, though that's a much smaller problem. (Depending on what Verizon does when the main phone on the account gets switched away and the only devices left are two iPads and a watch.)

So I wanted to ask if there was a way to fix that and sign up without consenting to robocalls.

When I tried to use the online customer service, the person said he could not help me unless I filled out a form first. The form asked for a lot of personal information and had several additional tabs one of which made it look like it was going to ask for ID.

...and the form had a link to a privacy policy saying the information collected would be used and sold for marketing purposes.

I know all these companies all sell data right and left, but that felt excessive & intrusive just to ask a couple of questions, so I bailed at that point.

Is there, in fact, any way to sign up for service without consenting to robocalls, preferably while also obtaining the $10/mo plans for tablets and watches?
"
Cell Phone Protection after tmo loophole closed,"Does anyone here use the Bilt card to pay their cell phone bill (but do it using a routing / account number so the carrier sees it as a bank account)?

TMobile just closed a loop hole where customers would manually pay the bill with a credit card before it was due. They still received autopay discount (basically $5/line).

Now you can't do that anymore. Curious if similar to how the rent payments work if we can do something similar for paying TMobile bill?"
Advice for best Holiday Deal,"I've held out and waited for any holiday deals that are available, so I guess now is the time.

I'm already on T-Mobile on my wife's plan and I'm happy with my current S22 Ultra, so I don't really need a phone per se, but if I do, it will be Samsung. I'm leaving her plan and getting my own.

I can go either consumer or business.

I'm interested in a tablet line and maybe also a hotspot.

I don't really need more than one phone line, but it's a definite possibility down the road in the near future so if it makes sense to take advantage of any deals or promos now I'm willing to do that. 

I see the essentials deal, but I'll need a few more inclusions than that plan. 

I know it's new lines for these deals, but could I do the three line option where the third line is free and port my existing number to that third line? Since it's a free line, I don't know if that's a workaround so I can still keep my current number and port that in since her plan will be losing a line.

What's my best option right now? I'm assuming going to Costco or Sam's is still the best bet as well.

Edit: staying on my wife's plan is not an option for various reasons. This will cost me what it costs me, I'm just trying to get the best deal out of it."
AT&T roaming in East Texas still active,"
Cherokee County, Texas still has AT&T roaming. I know that Jacksonville has a T-Mobile store but ever since I've been coming here in 2018, it's always roamed to AT&T. I've gotten faster speeds beforehand, which is weird but it's working fine for me."
Anybody's CellSpot V2 Femtocell still working?,"Mine has stopped with just the first 2 lights flashing, I've tried every troubleshooting step over I can find over the last week except one that says the fix is for t-mobile to delete my Connectivity Device Profile and then set it back up as new. The rep told me they can't or won't do that."
honestly is my phone compromised? look at this URL,"every URL looks very bizarre lots of redirects, seems like APIs or something.

https:// account.t-mobile.com/signin/v2/?redirect_uri=https:%2F%2Fwww.t-mobile.com%2Fsignin&scope=TMO_ID_profile%2520associated_lines%2520ban_roles%2520billing_information%2520associated_billing_accounts%2520extended_lines%2520token%2520openid%2520vault%2520role%2520consent&client_id=MYTMO&access_type=ONLINE&response_type=code&approval_prompt=auto&prompt=select_account&state=eyJpbnRlbnQiOiJMb2dpbiIsImJvb2ttYXJrVXJsIjoiaHR0cHM6Ly93d3cudC1tb2JpbGUuY29tL2FjY291bnQvZGFzaGJvYXJkIn0

just went to tmobile.com and hit login"
T-Mobile Is Handing Out Free Flagship Phones For The Holidays,
$1000 Off Promo Duration,"T-Mobile announced a deal yesterday that really caught my attention:

* $1000 off any iPhone 17 model orÂ [iPhone Air](https://www.t-mobile.com/cell-phone/apple-iphone-air?msockid=153bcf369fdc6bcb1e1cdacd9e666acf)Â â€” no trade-in required! â€” when switching a line to T-Mobile onÂ [Experience Beyond](https://www.t-mobile.com/cell-phone-plans).

  
This was part of their early Black Friday press release: [https://www.t-mobile.com/news/offers/holiday-free-4-all-no-trade-needed](https://www.t-mobile.com/news/offers/holiday-free-4-all-no-trade-needed)

Apologies if this an idiotic question, but is it likely that this promo will change before Black Friday? Or do these deals normally last until Black Friday (and maybe beyond)? Just want to make sure I don't miss out on that specific promo. Thanks!

"
Anyone in the Chicagoland area still having horrifically slow 5G home internet?,It's been on and off rough for the past three weeks. Are they going to fix this?
UFC 323 Official Poster,
What is a good T-Mobile hotspot device to make sure of cell phone connectivity in the boonies?,"Most of what I've found seems like devices for laptops only, but we will need to ensure connectivity via cell phone in places where only T-Mobile seems to have signal. I'm not looking to be able to stream video or play games, but will need internet access and reliable cell signal for credit card processing. Any recommendations?"
UFC 323 official poster,
Trade in terms expires TOMORROW,"Iâ€™m upgrading an iPhone 15, trading in the device, online order.  When I view the â€œTrade in Termsâ€ document, it has my device details listed with an expiration date of TOMORROW.  
Also:
â€œIf you fail to return your Device by the trade-in expiration date, you may be required to pay back any value or credit advanced to you.â€

The new device isnâ€™t even going to ship for a couple days, so the expiration date makes no sense.  
I shouldnâ€™t agree to this and abandon the order, right?!?"
Anyone have the Revvl 8?,"Got this phone a few days ago. It seems decent so far. Only thing that's getting at me is photos. It seems there's so many folders the photos get put into. Like if I'm on google and a I save a photo then I open my gallery to use it it's no where. I find it in files. My old phone i opened my gallery and all my photos/videos where there. Now it seems I need a treasure map to locate photos. It's annoying, or am I doing something wrong??"
Can I port a number from Verizon to T-Mobile that is tied up in pending changes w/Verizon?,"Completely frustrated with Verizon.  Ordered 4 lines to upgrade and for 3.5 weeks, 1 line has been stuck and the new phone hasn't shipped.  No one can fix it at Verizon.

I need to port 4 numbers from Verizon, 1 number is tied up in pending changes.  So, 3 lines have been processed, 1 is stuck.

Of the 3 processed - only 1 phone was sent back as a trade-in.  I have  possession of the upgraded phones for the other 2 lines but neither has been activated because I'm trying to figure out my next move here.

I'd like to cancel/return the 3 upgraded phones we received, within the 30 day return policy, and port all 4 numbers over to TMobile.  I'm hoping that cancelling the entire order of 4 upgrades will release the 1 that is stuck (won't be pending changes anymore, it will be cancelled).

If for some reason, that doesn't unstick the 1 number....is it possible to port it anyway?  What would stop a number from being ported?

  
ETA:  One of the upgraded phones is still within the 30 return window.   I don't mind eating some restocking fees, but the $1,100 (17 pro) cost of the phone, if I decide to keep it  gives me pause.

Option 1:  Keep the new phone and bring to TMO.  This involves paying 100% of the phone cost (as it was a ""free"" trade-in) .

Option 2:  Return the new phone within the 30 day window.  Issue here is then this line will not have a phone for however long it takes Verizon to accept and process the returns on my account, because I returned the OG phone as a trade-in and zero chance of getting it back, it's already been processed, too."
Connecting to n41 at 40Mhz and 50Mhz - will they get upgraded?,"Iâ€™m in Monroe NY in Orange County. I have a T-Mobile business internet line, static IP. Itâ€™s connecting to 4 bands at a time, two of which are n41. 

Does anyone know if/when the tower may get upgraded? Itâ€™s been like this for a while and I see a lot of people posting they see n41 at 90 or 100Mhz

Thanks!"
"Apparently, I know nothing, please help :)","So I have an Alienware Area 51 18 with a 5090 in it and a DGX Spark. I am trying to learn to make my own ai agents. I used to do networking stuff with Unifi, Starlink, Tmobile, etc, but I am way out of my element. My goal is to start automating as much as I can for passive income. I am starting with using my laptop to control the DGX to buil a networking agent that can diagnose and fix this stuff on it's own. ChatGPT has helped a ton but I seem to find myself in a loop now. I am having an issue with the agent being able to communicate with my laptop in order for me to issue commands. Obviously, much of this can be done locally, but I do not want to have to lug this thing around everywhere."
Buy Signal TMobile US Inc - 7 Nov 2025 @ 12:58 -> USD206.72,"Ticker: **TMUS**

Exchange: **NASDAQ**

Time: **7 Nov 2025 @ 12:58**

Price: **USD206.72**

Link: https://getagraph.com/NASDAQ/stock/live-signals/TMUS/ENG"
Not for existing customers?,"I have the Go5G Next plan, I have an iPhone 15 Pro, all paid off. I try to shop and respond to this promo to upgrade my device, but as soon as asks if Iâ€™m an existing customer and to login, then the price jumps to $11/mo and Iâ€™m forced to get a new number?   Terms doesnâ€™t say anything about â€œnew customers onlyâ€, and existing customers on Go5G Next are supposed to get the same deals as new customers.  
What gives?"
Considering switching,"Hi Iâ€™m considering switching to T-Mobile.  It would just be one line, need a new phone (iPhone 17, usually do the the pro maxâ€™s but probably down sizing with this next phone).  May get a new iPad and upgrade my watch with them but donâ€™t necessarily need internet on either, so it just depends on if it makes sense to or not.  As far as streaming, I have Hulu for free through Spotify.  Donâ€™t use Disney.  Already have access to Netflix.

Iâ€™m - nurse and an Amazon employee, and I believe we can get a discount, and I also have a Costco membership (not sure if itâ€™s a better deal there or Best Buy vs in T-Mobile stores??)

What would you recommend for me as far as plans go?"
New tablets,"New tablets

I currently have a pair of (32gb) Galaxy Tab A7+ on my account that are quite old and slowing down. Theyâ€™re used by my kids for streaming video and learning apps like ABC Mouse, plus they like to take pictures with them which absolutely fill the onboard memory.

We are currently on the Go5GPlus plan and are locked in for another 11 months due to our phone promotions. 

I stopped by a local authorized retailer who said they have Galaxy Tab A9+5G available, but thereâ€™s no upgrade promotions - only for new lines.

QUESTIONS

â€” Is it true you now have to avoid any line removals for six months instead of three months to keep a new line promo?
â€” She suggested moving the insurance to the new tablets since the old ones wonâ€™t be in use anymore, and then she could put the old tablets on a lower plan, doing that would result in our bill only going up about seven dollars a month until the old tablets are removed, then our bill would actually drop lower than where it is now.
(she told me this, she did not show me anything on paper)
â€” I donâ€™t see any tablet plan options for the new ones that would save money compared to our current plans, how can our bill end up going lower?
"
When will outdoor hotspot be able to offload to tmobile like indoor hotspot,"I see on the map the indoor hotspots in commercial locations are able to use tmobile and att and have significantly higher usage.

Whereas all of the outdoor hotspots in commercial locations only use att and get much less rewards.  Is there any way to fix this?  Maybe a way to use an indoor hotspot with a high power outdoor wifi antenna?"
Phone insurance through new T-Mobile Credit Card?,"So I, like many here, have been doing the autopay loophole that T-Mobile just closed up. It looks like they are now releasing their own credit card [https://www.capitalone.com/credit-cards/t-mobile/](https://www.capitalone.com/credit-cards/t-mobile/) which allows you to keep autopay along with cash back rewards. What is interesting is it doesn't say anything about phone insurance, however it does say you get all the Visa Signature perks which does include phone insurance...  
[https://www.visa.com/en-us/personal/cards/credit/visa-signature#72845e89](https://www.visa.com/en-us/personal/cards/credit/visa-signature#72845e89)

It seems like this would be a big point for T-Mobile to advertise on their new card but they don't do it. Does that mean that Visa Signature perk is not valid or they are just trying to hide it?"
Check your bill if you opened a free line last month.,"If you open a new free line last month, then please check your bill. T-mobile might added extra charges to your line without your knowledge. T-mobile randomly added $15 SC 6GB data SMHS and $11 One time charge Telesales / Weborder charge. Like wtf is ""Telesales / Weborder charge""? Good thing I caught it this morning, and have them reverted. Sneaky bastards."
Unique International Calling Situation,"I canâ€™t seem to get a straight answer on how International Calling works. I have someone who has their phone overseas, Magenta Military 1.0 plan. They need to be able to call US numbers from their US phone while in the UK, what type of plan add on do I need for that? They donâ€™t need to be able to call anyone in the UK, they just happen to be there."
T-Mobile Credit Card Autopay Discount for Free 3rd Line?,"Does anyone know if you can get the $5 off per line with autopay for the free 3rd line as well when using the T-Mobile credit card?
"
Magenta upgrades,"Hey everyone!

Iâ€™ve got a quick question about Magenta upgrades (weâ€™re on a veteran/military plan, if that makes a difference).

Last year around Black Friday, there was an amazing deal basically an â€œany trade-in for a flagship phone on usâ€ kind of offer. One of the users on our plan really needs a new phone, but weâ€™re not sure if that same deal (or something similar) will return this year.

If itâ€™s expected to come back, heâ€™s happy to wait. If not, heâ€™ll go ahead and upgrade now.

Anyone have any insight or predictions? Thanks in advance! ðŸ™

"
PIXEL PRO 10 256 ..... MIA,">This is the worst experience from a carrier.  **""The Un-carrier""Â true to their slogan. Don't have phones to sell?** "
Should I tradein my old device if tmobile pays it off?,"TMobile just launched a new promo - 4 lines on essentials can get new iphone 17s for free without any tradein needed. My situation is we have 4 lines on At&t and one line's device has balance to be paid off and I would like to use Tmobiles keep and switch rebate for that one device but get new phones for the other 3 lines. When I visited costco yesterday, the rep said if tmobile pays off that device, we should trade that in and get a new device and there is no option to just keep it. That did not make sense to me. Did anyone else hear similar? "
Best Card For Utility/MTA & T-Mobile(?),"**RESOLVED**

So I need a card that can preferably get me 5% on utilities (Con Edison) and public transit (MTA). I currently have Future card.

What I see online is USBank+ and Elan Max. Just wondering if anyone has any DP on the specific companies mentioned since it looks to vary. 

Iâ€™ve only heard bad things about Elan Financial but does their issues apply to me? Iâ€™m only going to spend like $600 a month.

Lastly, does T-Mobile take Discover for their 1%. Still want autopay 


Thanks All. I will be getting USBank+ and TMobile CC (sometime down the line since I need to get Venture X first)
"
$800 buyout of contract from T-mobile?,
TikTok live streams not loading,"I'm in California. Lately, when I'm on my T-Mobile 5G service, TikTok live streams don't load. Normal TikTok posts load and play. I'm wondering if T-Mobile might be blocking TikTok live streams.

Edit: it's working again (next day)."
Switching from Verizon (iPhone 11). What are the best deals or trade-in offers right now for new iPhone?,"I have been with Verizon for over 15 years. I have an iPhone 11 (regular version) thatâ€™s paid off. My monthly plan at Verizon is about $115/month, unlimited data (Internet and texting) itâ€™s the 5G Play More Plan. Would be fine with a comparable or better plan if itâ€™s similar cost or less. 

Verizon has its own upgrade offer, but I think Iâ€™d like to switch carriers. Not sure if T-Mobile or AT&T is better. I need a new phone as well, ideally the new iPhone 17.

If I go through T-Mobile, whatâ€™s the best deal I could do? And would the new phone be carrier locked? Not sure if I should do T-Mobile or AT&T or something through Costco. 
"
Wanted to switch to T-Mobile today (almost did) but itâ€™s more expensive than Verizon,"Kinda bummed that T-Mobile is the new Verizon in terms of cost and Verizon is cheaper now. Got all the way to the port progress before canceling. Went through Costco and was getting 225 in Costco cards and 500 in prepaid visa which is a pretty good deal for BYOD. The reason why I pulled it is the T-Mobile rep said 225 for my 2 experience beyond lines, 2 watches and an iPad while I pay Verizon $185 for UU, UP, 2 watches, iPad  and Xbox game pass with Verizon. The Costco rep said it would be around $193.

Man, what T-Mobile is doing is the opposite of what they used to he despite their network improvements. On the flip side, I can switch to att with my bundled fiber and pay $140 for equivalent services. 

Probably end up sticking with Verizon now. While Verizon isnâ€™t the best anymore, they are improving and solid overall, especially at a cheaper price point than T-Mobile. 

Edit: we have 17â€™s that we bought from Apple. We get Apple TV from Apple one premier. Disney Hulu bundle with $10 credit with the Amex BCP. Netflix we pay for no ads. Could I get Netflix with ads and upgrade and pay the difference?"
Credits? Let me get your thoughts as a customer,"Hypothetically, if Iâ€™m able to see credits on your account and if I can see when your credits are going to fall off, would you want me to let you know ahead of time that your credits were coming to an end and if so, and my only solution is for you to call customer service. Would you appreciate that or not or would you maybe be possibly hassle me and tell me that I should fix that even though there is no way for me to do that from my end?"
$20 off Per Month/1 year,"Head to chat on T-Life and tell them you are switching to a MVNO that will save you $60 per month.  With that savings, you will subscribe to Netflix, Hulu, and Apple yourself and still pay less than T-Mobile.  That's when they will shoot you $20 off per month for 12 months."
Mint Mobile and StraightTalk,Right now I'm paying and a leg for tmobile. Does anyone have any experience with Mint Mobile or StraightTalk? How's reception in Winston-Salem and the surrounding areas?
Google Pixel 7pro (unlocked) psim to Google Pixel 10 pro esim on T-Mobile Questions,"Hello All,

I have an existing T-Mo psim on my current Pixel 7 pro and purchased a new Pixel 10 pro in the US (which only has esim). Is it easy to convert the psim to an esim during the process of setting up the Pixel 10 pro? I have the T-life app setup on the Pixel 7 pro already. Can this conversion and move be done during the Pixel 10 Pro setup or will I have to visit the store or call customer service to make this happen? Or should I convert the psim to esim on the Pixel 7 pro first and then only then do an esim based 7 pro to 10 pro transfer? The T-Mo docs seem to imply that I just need to follow the prompts while setup on the Pixel 10 pro and everything will be kosher once I connect to a wifi. But I am very skeptical that it will this easy. Any advice is appreciated, dont want to get stuck in between with a deactivated 7 pro and a 10 pro that does not setup from psim to esim

Thanks"
How often do they have a free line promo?,"Took too long to call in for the free line promo email I received and was told its no longer available.

Was thinking of using that line to get my son his first phone for xmas. Anyone know how often they run this promo? Think it'll happen again before Xmas, or maybe his bday in April?"
"So, T-Mobile straight up full on lied to me. What are my options?","tldr; I was placed into a multi year contract via phone without it being explained to me. What are my options?

1. In 2024, I was wildly overcharged for reasons that weren't explained to me clearly. I called in one day with an intention to close my account. I was offered ""a lower rate plan"". No fine print. No documentation. No disclosures. I said yes.
2. Fast forward to today. I needed new phones. I was eligible. I went to the store to pick them up. IT TOOK THREE HOURS for them to do the account research and let me know that the ""lower rate plan"" was a multi year lock in. With no Equipment Financing.
3. T-Mobile wants to charge me $700 per line to switch my plan even if I stay with TMobile. In order to get device financing. And they have stated I'm completely locked into my current contract.
4. I was so livid. The people in the store and on the phone did their best. Everyone acknowledged that this is bullshit and they don't understand how this exists.
5. I am 100000% done with T-Mobile. I have been a customer for over a decade. They've gotten unreasonably bad. I am leaving no matter what.

Questions:

\- What can I do here?

\- Do you know of anyone else like ATT/Verizon buying out contracts?

Thank you



Bill:

[https://wormhole.app/aRryrj#9ELS-a6TQfYxUGMfTzB1jw](https://wormhole.app/aRryrj#9ELS-a6TQfYxUGMfTzB1jw)  
"
I opened 3 Fanatics Topps 25-26 Blaster Boxes,"Insane amount of hits. (2) coopers, (1) rookie relic, (1) numbered card, (8) parallels, lots of rookie base, and a shit tonne of fun. 

If I miscounted my pulls, please forgive me. "
Essentials Add Ons?,"Sorry if this has already been answered but I couldn't find  it spelled out clearly -

If I want to set up 4 lines on the Essentials plan but want more advanced features on just my line, is it possible to do that via add-ons or upgrades? E.g. if I want the features of Beyond but the other users who are on my plan don't need that, is there any way to do that?"
